[
  {
    "story": "But man is not made for defeat. A man can be destroyed but not defeated",
    "writtenBy": "Ernest Hemingway"
  },
  {
    "story": "When you reach the end of your rope.. tie a knot in it and hang on",
    "writtenBy": "Franklin D. Roosevelt"
  },
  {
    "story": "There is nothing permanent except change",
    "writtenBy": "Heraclitus"
  },
  {
    "story": "You cannot shake hands with a clenched fist",
    "writtenBy": "Indira Gandhi"
  },
  {
    "story": "Learning never exhausts the mind",
    "writtenBy": "Leonardo da Vinci"
  },
  {
    "story": "All that we see or seem is but a dream within a dream",
    "writtenBy": "Edgar Allan Poe"
  },
  {
    "story": "No act of kindness, no matter how small",
    "writtenBy": "Aesop"
  },
  {
    "story": "It is far better to be alone, than to be in bad company",
    "writtenBy": "Geore Washington"
  },
  {
    "story": "The supreme art of war is to subdue the enemy without fighting",
    "writtenBy": "Sun Tzu"
  },
  {
    "story": "Keep your face always toward the sunshine - and shadows will fall behind you",
    "writtenBy": "Walt Whitman"
  }
]